{"cameraMode":{"drawMode":0,"name":"Shaded","section":"Shading Mode"},"sceneLighting":true,"audioPlay":false,"sceneViewState":{"m_AlwaysRefresh":false,"showFog":true,"showSkybox":true,"showFlares":true,"showImageEffects":true,"showParticleSystems":true,"showVisualEffectGraphs":true,"m_FxEnabled":true},"in2DMode":false,"pivot":{"x":13.39846134185791,"y":0.05220484733581543,"z":19.029876708984376},"rotation":{"x":-0.021563401445746423,"y":-0.2851189374923706,"z":0.00641581742092967,"w":-0.9582318067550659},"size":14.064456939697266,"orthographic":false}