{"cameraMode":{"drawMode":0,"name":"Shaded","section":"Shading Mode"},"sceneLighting":true,"audioPlay":false,"sceneViewState":{"m_AlwaysRefresh":false,"showFog":true,"showSkybox":true,"showFlares":true,"showImageEffects":true,"showParticleSystems":true,"showVisualEffectGraphs":true,"m_FxEnabled":true},"in2DMode":false,"pivot":{"x":46.26862716674805,"y":-0.7394623756408691,"z":9.013357162475586},"rotation":{"x":0.05244741216301918,"y":0.9304165840148926,"z":-0.1471903771162033,"w":0.33152827620506289},"size":12.065325736999512,"orthographic":false}