{"cameraMode":{"drawMode":0,"name":"Shaded","section":"Shading Mode"},"sceneLighting":true,"audioPlay":false,"sceneViewState":{"m_AlwaysRefresh":false,"showFog":true,"showSkybox":true,"showFlares":true,"showImageEffects":true,"showParticleSystems":true,"showVisualEffectGraphs":true,"m_FxEnabled":true},"in2DMode":false,"pivot":{"x":38.169883728027347,"y":9.28982162475586,"z":11.414810180664063},"rotation":{"x":-0.016833504661917688,"y":0.9811634421348572,"z":0.16398438811302186,"w":0.10072097927331925},"size":9.834492683410645,"orthographic":false}