{"cameraMode":{"drawMode":0,"name":"Shaded","section":"Shading Mode"},"sceneLighting":true,"audioPlay":false,"sceneViewState":{"m_AlwaysRefresh":false,"showFog":true,"showSkybox":true,"showFlares":true,"showImageEffects":true,"showParticleSystems":true,"showVisualEffectGraphs":true,"m_FxEnabled":true},"in2DMode":false,"pivot":{"x":35.314754486083987,"y":4.470433235168457,"z":23.578800201416017},"rotation":{"x":-0.08651334792375565,"y":-0.39746639132499697,"z":0.03767182305455208,"w":-0.9127563238143921},"size":0.2489498257637024,"orthographic":false}