{"cameraMode":{"drawMode":0,"name":"Shaded","section":"Shading Mode"},"sceneLighting":true,"audioPlay":false,"sceneViewState":{"m_AlwaysRefresh":false,"showFog":true,"showSkybox":true,"showFlares":true,"showImageEffects":true,"showParticleSystems":true,"showVisualEffectGraphs":true,"m_FxEnabled":true},"in2DMode":false,"pivot":{"x":3.6746578216552736,"y":0.20000003278255464,"z":3.571868658065796},"rotation":{"x":0.45817044377326968,"y":-0.29895278811454775,"z":0.16698575019836427,"w":0.8202576637268066},"size":5.519037246704102,"orthographic":false}